{
  "todos": [
    {
      "id": "289d",
      "tdno": "1",
      "tdcontent": "clean",
      "tdregdate": "new Date()",
      "tdcompleted": "false"
    },
    {
      "id": "795f",
      "tdno": 1,
      "tdregdate": "2024-07-02T07:16:53.047Z",
      "tdcompleted": false
    },
    {
      "id": "5702",
      "tdno": 1,
      "tdregdate": "2024-07-02T07:17:33.200Z",
      "tdcompleted": false
    },
    {
      "id": "b12b",
      "tdno": 1,
      "tdcontent": "clean",
      "tdregdate": "2024-07-02T07:18:43.333Z",
      "tdcompleted": false
    }
  ]
}